loopTimes	callBackTimer	weight
-623450910	0.000000	1624527088263.194092
-623450910	0.000000	1624527088297.296875
-623450910	0.000000	1624527088331.472656
-623450910	0.000000	1624527088363.876465
-623450910	0.000000	1624527088396.671387
-623450910	0.000000	1624527088429.572998
-623450910	0.000000	1624527088465.037109
-623450910	0.000000	1624527088496.271729
-623450910	0.000000	1624527088530.045898
-623450910	0.000000	1624527088564.824463
-623450910	0.000000	1624527088596.908691
-623450910	0.000000	1624527088630.051758
-623450910	0.000000	1624527088663.713867
-623450910	0.000000	1624527088697.019531
-623450910	0.000000	1624527088729.743164
-623450910	0.000000	1624527088764.081543
-623450910	0.000000	1624527088797.579590
-623450910	0.000000	1624527088830.015381
-623450910	0.000000	1624527088863.513672
-623450910	0.000000	1624527088897.248535
-623450910	0.000000	1624527088930.140137
-623450910	0.000000	1624527088963.351318
-623450910	0.000000	1624527088997.015381
-623450910	0.000000	1624527089030.234863
-623450910	0.000000	1624527089063.300537
-623450910	0.000000	1624527089096.768311
-623450910	0.000000	1624527089129.604004
-623450910	0.000000	1624527089162.874512
-623450910	0.000000	1624527089196.095459
-623450910	0.000000	1624527089230.037842
-623450910	0.000000	1624527089262.929443
-623450910	0.000000	1624527089296.831787
-623450910	0.000000	1624527089330.235596
-623450910	0.000000	1624527089362.948242
-623450910	0.000000	1624527089397.500977
-623450910	0.000000	1624527089429.692383
-623450910	0.000000	1624527089462.846680
-623450910	0.000000	1624527089496.177246
-623450910	0.000000	1624527089529.847900
-623450910	0.000000	1624527089563.130859
-623450910	0.000000	1624527089596.274414
-623450910	0.000000	1624527089629.488281
-623450910	0.000000	1624527089663.336182
-623450910	0.000000	1624527089696.224609
-623450910	0.000000	1624527089729.723877
-623450910	0.000000	1624527089762.825928
-623450910	0.000000	1624527089796.642334
-623450910	0.000000	1624527089829.925293
-623450910	0.000000	1624527089863.393066
-623450910	0.000000	1624527089896.327393
-623450910	0.000000	1624527089930.114746
-623450910	0.000000	1624527089963.680664
-623450910	0.000000	1624527089996.566162
-623450910	0.000000	1624527090030.082275
-623450910	0.000000	1624527090063.185059
-623450910	0.000000	1624527090097.529053
-623450910	0.000000	1624527090130.669922
-623450910	0.000000	1624527090162.981445
-623450910	0.000000	1624527090196.302490
-623450910	0.000000	1624527090230.060791
-623450910	0.000000	1624527090263.895020
-623450910	0.000000	1624527090296.849365
-623450910	0.000000	1624527090330.458252
-623450910	0.000000	1624527090364.341309
-623450910	0.000000	1624527090396.763916
-623450910	0.000000	1624527090430.473877
-623450910	0.000000	1624527090463.426758
-623450910	0.000000	1624527090497.771973
-623450910	0.000000	1624527090529.872559
-623450910	0.000000	1624527090563.743408
-623450910	0.000000	1624527090597.584229
-623450910	0.000000	1624527090630.050537
-623450910	0.000000	1624527090663.754639
-623450910	0.000000	1624527090697.205322
-623450910	0.000000	1624527090730.934570
-623450910	0.000000	1624527090763.232178
-623450910	0.000000	1624527090796.784668
-623450910	0.000000	1624527090830.377930
-623450910	0.000000	1624527090863.092041
-623450910	0.000000	1624527090897.206787
-623450910	0.000000	1624527090930.009033
-623450910	0.000000	1624527090963.293213
-623450910	0.000000	1624527090996.845703
-623450910	0.000000	1624527091030.343018
-623450910	0.000000	1624527091063.249023
-623450910	0.000000	1624527091096.600830
-623450910	0.000000	1624527091129.860352
-623450910	0.000000	1624527091162.919678
-623450910	0.000000	1624527091196.132080
-623450910	0.000000	1624527091230.062500
-623450910	0.000000	1624527091263.110107
-623450910	0.000000	1624527091296.848389
-623450910	0.000000	1624527091330.014648
-623450910	0.000000	1624527091363.442383
-623450910	0.000000	1624527091396.268311
-623450910	0.000000	1624527091429.829834
-623450910	0.000000	1624527091462.987549
-623450910	0.000000	1624527091496.501709
-623450910	0.000000	1624527091529.871826
-623450910	0.000000	1624527091562.818604
-623450910	0.000000	1624527091596.688232
-623450910	0.000000	1624527091629.416748
-623450910	0.000000	1624527091663.362061
-623450910	0.000000	1624527091697.440674
-623450910	0.000000	1624527091730.147705
-623450910	0.000000	1624527091763.725830
-623450910	0.000000	1624527091796.663330
-623450910	0.000000	1624527091829.984619
-623450910	0.000000	1624527091863.535645
-623450910	0.000000	1624527091897.015869
-623450910	0.000000	1624527091930.656982
-623450910	0.000000	1624527091963.124756
-623450910	0.000000	1624527091996.339355
-623450910	0.000000	1624527092030.123291
-623450910	0.000000	1624527092063.341064
-623450910	0.000000	1624527092096.322754
-623450910	0.000000	1624527092131.027100
-623450910	0.000000	1624527092163.615479
-623450910	0.000000	1624527092196.133545
-623450910	0.000000	1624527092231.206055
-623450910	0.000000	1624527092263.239502
-623450910	0.000000	1624527092296.222412
-623450910	0.000000	1624527092329.943848
-623450910	0.000000	1624527092363.659424
-623450910	0.000000	1624527092396.744385
-623450910	0.000000	1624527092429.747314
-623450910	0.000000	1624527092463.518799
-623450910	0.000000	1624527092497.672852
-623450910	0.000000	1624527092530.259521
-623450910	0.000000	1624527092563.215820
-623450910	0.000000	1624527092597.070801
-623450910	0.000000	1624527092630.719727
-623450910	0.000000	1624527092663.216309
-623450910	0.000000	1624527092697.682129
-623450910	0.000000	1624527092730.191895
-623450910	0.000000	1624527092763.768555
-623450910	0.000000	1624527092796.747803
-623450910	0.000000	1624527092830.518311
-623450910	0.000000	1624527092864.562500
-623450910	0.000000	1624527092896.395752
-623450910	0.000000	1624527092930.172852
-623450910	0.000000	1624527092964.424072
-623450910	0.000000	1624527092996.251221
-623450910	0.000000	1624527093030.103271
-623450910	0.000000	1624527093064.583496
-623450910	0.000000	1624527093096.617188
-623450910	0.000000	1624527093129.656006
-623450910	0.000000	1624527093163.717041
-623450910	0.000000	1624527093196.202881
-623450910	0.000000	1624527093231.190430
-623450910	0.000000	1624527093263.322510
-623450910	0.000000	1624527093297.203613
-623450910	0.000000	1624527093329.464600
-623450910	0.000000	1624527093362.801758
-623450910	0.000000	1624527093396.592529
-623450910	0.000000	1624527093430.382812
-623450910	0.000000	1624527093462.817871
-623450910	0.000000	1624527093497.036133
-623450910	0.000000	1624527093530.605713
-623450910	0.000000	1624527093564.309570
-623450910	0.000000	1624527093596.464600
-623450910	0.000000	1624527093630.721436
-623450910	0.000000	1624527093663.587158
-623450910	0.000000	1624527093696.552979
-623450910	0.000000	1624527093729.667969
-623450910	0.000000	1624527093763.778809
-623450910	0.000000	1624527093797.607422
-623450910	0.000000	1624527093829.836914
-623450910	0.000000	1624527093863.014893
-623450910	0.000000	1624527093897.460938
-623450910	0.000000	1624527093930.062988
-623450910	0.000000	1624527093963.317383
-623450910	0.000000	1624527093997.527344
-623450910	0.000000	1624527094030.266113
-623450910	0.000000	1624527094062.882324
-623450910	0.000000	1624527094096.104004
-623450910	0.000000	1624527094129.751709
-623450910	0.000000	1624527094163.372314
-623450910	0.000000	1624527094196.433105
-623450910	0.000000	1624527094229.839355
-623450910	0.000000	1624527094263.322021
-623450910	0.000000	1624527094296.307373
-623450910	0.000000	1624527094329.964844
-623450910	0.000000	1624527094363.185791
-623450910	0.000000	1624527094396.728271
-623450910	0.000000	1624527094429.836914
-623450910	0.000000	1624527094463.443359
-623450910	0.000000	1624527094496.764404
-623450910	0.000000	1624527094529.865479
-623450910	0.000000	1624527094563.185547
-623450910	0.000000	1624527094596.411133
-623450910	0.000000	1624527094630.146973
-623450910	0.000000	1624527094663.017822
-623450910	0.000000	1624527094696.831299
-623450910	0.000000	1624527094729.927002
-623450910	0.000000	1624527094763.218994
-623450910	0.000000	1624527094796.649414
-623450910	0.000000	1624527094830.006104
-623450910	0.000000	1624527094862.757080
-623450910	0.000000	1624527094896.210938
-623450910	0.000000	1624527094929.568848
-623450910	0.000000	1624527094963.627197
-623450910	0.000000	1624527094996.368164
-623450910	0.000000	1624527095030.187500
-623450910	0.000000	1624527095063.160645
-623450910	0.000000	1624527095097.163574
-623450910	0.000000	1624527095129.990234
-623450910	0.000000	1624527095163.334229
-623450910	0.000000	1624527095196.656494
-623450910	0.000000	1624527095229.953857
-623450910	0.000000	1624527095263.637695
-623450910	0.000000	1624527095296.884766
-623450910	0.000000	1624527095330.386230
-623450910	0.000000	1624527095363.305176
-623450910	0.000000	1624527095396.562256
-623450910	0.000000	1624527095430.091553
-623450910	0.000000	1624527095463.494629
-623450910	0.000000	1624527095496.488037
-623450910	0.000000	1624527095529.843018
-623450910	0.000000	1624527095563.978760
-623450910	0.000000	1624527095596.785889
-623450910	0.000000	1624527095630.324463
-623450910	0.000000	1624527095663.574951
-623450910	0.000000	1624527095696.586914
-623450910	0.000000	1624527095729.995605
-623450910	0.000000	1624527095763.497559
-623450910	0.000000	1624527095796.548340
-623450910	0.000000	1624527095829.532715
-623450910	0.000000	1624527095863.627686
-623450910	0.000000	1624527095896.665283
-623450910	0.000000	1624527095929.793945
-623450910	0.000000	1624527095963.270508
-623450910	0.000000	1624527095996.315430
-623450910	0.000000	1624527096030.066406
-623450910	0.000000	1624527096063.109375
-623450910	0.000000	1624527096096.498535
-623450910	0.000000	1624527096129.539551
-623450910	0.000000	1624527096162.814941
-623450910	0.000000	1624527096196.979004
-623450910	0.000000	1624527096230.393066
-623450910	0.000000	1624527096264.454834
-623450910	0.000000	1624527096297.140625
-623450910	0.000000	1624527096329.972168
-623450910	0.000000	1624527096363.552979
-623450910	0.000000	1624527096397.073975
-623450910	0.000000	1624527096430.445312
-623450910	0.000000	1624527096463.409424
-623450910	0.000000	1624527096497.217773
-623450910	0.000000	1624527096529.986816
-623450910	0.000000	1624527096562.952393
-623450910	0.000000	1624527096596.822021
-623450910	0.000000	1624527096630.260010
-623450910	0.000000	1624527096663.694580
-623450910	0.000000	1624527096697.093750
-623450910	0.000000	1624527096730.339355
-623450910	0.000000	1624527096763.923096
-623450910	0.000000	1624527096796.208740
-623450910	0.000000	1624527096830.036621
-623450910	0.000000	1624527096863.990967
-623450910	0.000000	1624527096897.007812
-623450910	0.000000	1624527096929.945557
-623450910	0.000000	1624527096964.477295
-623450910	0.000000	1624527096996.965088
-623450910	0.000000	1624527097029.641357
-623450910	0.000000	1624527097063.854004
-623450910	0.000000	1624527097096.826172
-623450910	0.000000	1624527097129.657715
-623450910	0.000000	1624527097163.414795
-623450910	0.000000	1624527097196.895264
-623450910	0.000000	1624527097230.153076
-623450910	0.000000	1624527097263.052246
-623450910	0.000000	1624527097296.332520
-623450910	0.000000	1624527097330.609619
-623450910	0.000000	1624527097363.097168
-623450910	0.000000	1624527097396.983643
-623450910	0.000000	1624527097429.292480
-623450910	0.000000	1624527097462.614746
-623450910	0.000000	1624527097495.886230
-623450910	0.000000	1624527097529.472168
-623450910	0.000000	1624527097562.544922
-623450910	0.000000	1624527097595.771729
-623450910	0.000000	1624527097629.133057
-623450910	0.000000	1624527097662.492188
